{"cameraMode":{"drawMode":0,"name":"Shaded","section":"Shading Mode"},"sceneLighting":true,"audioPlay":false,"sceneViewState":{"showFog":true,"showMaterialUpdate":false,"showSkybox":true,"showFlares":true,"showImageEffects":true,"showParticleSystems":true},"in2DMode":false,"pivot":{"x":-11.439779281616211,"y":10.487550735473633,"z":-2.7276954650878908},"rotation":{"x":0.6411193609237671,"y":-0.008057435974478722,"z":0.006731975357979536,"w":0.7673725485801697},"size":13.097176551818848,"orthographic":false}