{"cameraMode":{"drawMode":0,"name":"Shaded","section":"Shading Mode"},"sceneLighting":true,"audioPlay":false,"sceneViewState":{"showFog":true,"showMaterialUpdate":false,"showSkybox":true,"showFlares":true,"showImageEffects":true,"showParticleSystems":true},"in2DMode":false,"pivot":{"x":-5.159999847412109,"y":-0.8999999761581421,"z":0.0},"rotation":{"x":0.49328792095184328,"y":0.31721052527427676,"z":-0.19931726157665254,"w":0.7850610017776489},"size":15.829044342041016,"orthographic":false}