{"cameraMode":{"drawMode":0,"name":"Shaded","section":"Shading Mode"},"sceneLighting":true,"audioPlay":false,"sceneViewState":{"showFog":true,"showMaterialUpdate":false,"showSkybox":true,"showFlares":true,"showImageEffects":true,"showParticleSystems":true},"in2DMode":false,"pivot":{"x":-6.0533671379089359,"y":-1.0000009536743165,"z":-1.4796829223632813},"rotation":{"x":0.5101242065429688,"y":0.22034068405628205,"z":-0.13707059621810914,"w":0.8200238943099976},"size":15.565948486328125,"orthographic":false}