{"cameraMode":{"drawMode":0,"name":"Shaded","section":"Shading Mode"},"sceneLighting":true,"audioPlay":false,"sceneViewState":{"showFog":true,"showMaterialUpdate":false,"showSkybox":true,"showFlares":true,"showImageEffects":true,"showParticleSystems":true},"in2DMode":false,"pivot":{"x":-5.382807731628418,"y":-0.7474836111068726,"z":0.0},"rotation":{"x":0.6411193609237671,"y":-0.008057435974478722,"z":0.006731975357979536,"w":0.7673725485801697},"size":23.956871032714845,"orthographic":false}