{"cameraMode":{"drawMode":0,"name":"Shaded","section":"Shading Mode"},"sceneLighting":false,"audioPlay":false,"sceneViewState":{"showFog":true,"showMaterialUpdate":false,"showSkybox":false,"showFlares":true,"showImageEffects":true,"showParticleSystems":true},"in2DMode":false,"pivot":{"x":0.0,"y":0.17000001668930055,"z":-0.3999999761581421},"rotation":{"x":0.6411193609237671,"y":-0.008057435974478722,"z":0.006731975357979536,"w":0.7673725485801697},"size":2.8578836917877199,"orthographic":false}